user_id,username,email,password_hash,full_name
1,user1,user1@example.com,x,User 1
2,user2,user2@example.com,x,User 2
3,user3,user3@example.com,x,User 3
4,user4,user4@example.com,x,User 4
5,user5,user5@example.com,x,User 5
6,user6,user6@example.com,x,User 6
7,user7,user7@example.com,x,User 7
8,user8,user8@example.com,x,User 8
9,user9,user9@example.com,x,User 9
10,user10,user10@example.com,x,User 10
11,user11,user11@example.com,x,User 11
12,user12,user12@example.com,x,User 12
13,user13,user13@example.com,x,User 13
14,user14,user14@example.com,x,User 14
15,user15,user15@example.com,x,User 15
16,user16,user16@example.com,x,User 16
17,user17,user17@example.com,x,User 17
18,user18,user18@example.com,x,User 18
19,user19,user19@example.com,x,User 19
20,user20,user20@example.com,x,User 20
21,user21,user21@example.com,x,User 21
22,user22,user22@example.com,x,User 22
23,user23,user23@example.com,x,User 23
24,user24,user24@example.com,x,User 24
25,user25,user25@example.com,x,User 25
26,user26,user26@example.com,x,User 26
27,user27,user27@example.com,x,User 27
28,user28,user28@example.com,x,User 28
29,user29,user29@example.com,x,User 29
30,user30,user30@example.com,x,User 30
31,user31,user31@example.com,x,User 31
32,user32,user32@example.com,x,User 32
33,user33,user33@example.com,x,User 33
34,user34,user34@example.com,x,User 34
35,user35,user35@example.com,x,User 35
36,user36,user36@example.com,x,User 36
37,user37,user37@example.com,x,User 37
38,user38,user38@example.com,x,User 38
39,user39,user39@example.com,x,User 39
40,user40,user40@example.com,x,User 40
41,user41,user41@example.com,x,User 41
42,user42,user42@example.com,x,User 42
43,user43,user43@example.com,x,User 43
44,user44,user44@example.com,x,User 44
45,user45,user45@example.com,x,User 45
46,user46,user46@example.com,x,User 46
47,user47,user47@example.com,x,User 47
48,user48,user48@example.com,x,User 48
49,user49,user49@example.com,x,User 49
50,user50,user50@example.com,x,User 50
